{"code": 1771599821.7902184, "error": 1771599821.7902184, "workflow": 1771599821.7902184, "bot": 1771599821.7902184}