{"code": 1765318523.8476255, "error": 1765318523.8476255, "workflow": 1765318523.8476255, "bot": 1765318523.8476255}