{"code": 1765320951.212794, "error": 1765320951.212794, "workflow": 1765320951.212794, "bot": 1765318523.8476255}