{
  "bootstrap_phases": {
    "critical": [
      30.089398716000005
    ],
    "optional": [
      0.058299303000012515
    ],
    "provisioning": [
      6.4176906330000065
    ]
  }
}