{"roi": 0.0, "sandbox_score": 0.0, "entropy": 5.671263325553887, "call_graph_complexity": 0.0, "token_diversity": 0.24715895368780946, "prompt": null, "diff": null, "timestamp": 1762322018.5008457, "id": null}