{"roi": 0.0, "sandbox_score": 0.0, "entropy": 5.674469396599149, "call_graph_complexity": 0.0, "token_diversity": 0.2472431237188103, "prompt": null, "diff": null, "timestamp": 1762326028.8210633, "id": null}